{"cameraMode":{"drawMode":0,"name":"Shaded","section":"Shading Mode"},"sceneLighting":true,"audioPlay":false,"sceneViewState":{"showFog":true,"showMaterialUpdate":true,"showSkybox":true,"showFlares":true,"showImageEffects":true,"showParticleSystems":true},"in2DMode":false,"pivot":{"x":2.0706939697265627,"y":0.056601524353027347,"z":3.281348943710327},"rotation":{"x":0.16528090834617616,"y":-0.6927351355552673,"z":0.1679825633764267,"w":0.6816026568412781},"size":23.542634963989259,"orthographic":false}